session_id,user_id,anonymous_id,started_at,ended_at,duration_seconds,device_type,platform,country,referrer,utm_source,utm_medium,utm_campaign,_source_system,_ingested_at,_batch_id
ses_2999394c,usr_4b943e30,anon_41dc1c60,2026-05-01 02:49:15,2026-05-01 03:38:27,2952,mobile,android,CA,direct,google,cpc,spring_sale_2026,event_tracker,2026-05-01 23:00:00,batch_20260501
ses_bc92fd81,usr_e256a6dc,anon_915a1c30,2026-05-01 07:47:23,2026-05-01 07:52:16,293,mobile,android,JP,google,facebook,social,lookalike_q2,event_tracker,2026-05-01 23:00:00,batch_20260501
ses_2ced3c0d,usr_10d4de39,anon_e5a4983b,2026-05-01 21:15:56,,2878,desktop,web,JP,facebook,google,cpc,spring_sale_2026,event_tracker,2026-05-01 23:00:00,batch_20260501
ses_83e96ef4,usr_b1a8b71f,anon_ab545a15,2026-05-01 14:11:56,2026-05-01 15:10:41,3525,desktop,web,DE,facebook,facebook,social,lookalike_q2,event_tracker,2026-05-01 23:00:00,batch_20260501
ses_23ff23d3,usr_451b4cf3,anon_3f800385,2026-05-01 14:09:28,2026-05-01 14:32:54,1406,desktop,web,GB,facebook,,,,event_tracker,2026-05-01 23:00:00,batch_20260501
ses_3c4b1eec,usr_0f5ae9d3,anon_f43ba052,2026-05-01 00:58:54,2026-05-01 01:26:17,1643,desktop,ios,JP,direct,,,,event_tracker,2026-05-01 23:00:00,batch_20260501
ses_b90ed44b,usr_4fdc6e1b,anon_a757cb10,2026-05-01 13:48:09,2026-05-01 14:10:59,1370,mobile,android,FR,facebook,facebook,social,lookalike_q2,event_tracker,2026-05-01 23:00:00,batch_20260501
ses_0fe76149,,anon_4e8adc4b,2026-05-01 00:42:20,2026-05-01 01:33:58,3098,tablet,android,DE,google,,,,event_tracker,2026-05-01 23:00:00,batch_20260501
ses_80a52e65,usr_b1a8b71f,anon_b41c504f,2026-05-01 01:07:47,2026-05-01 01:25:09,1042,mobile,ios,DE,direct,newsletter,email,weekly_digest,event_tracker,2026-05-01 23:00:00,batch_20260501
ses_1e0ef546,,anon_4b87959f,2026-05-01 07:56:09,2026-05-01 08:28:23,1934,desktop,ios,CA,direct,,,,event_tracker,2026-05-01 23:00:00,batch_20260501
ses_3818cfd3,,anon_27372b52,2026-05-01 00:56:05,2026-05-01 01:17:52,1307,tablet,android,JP,direct,google,cpc,spring_sale_2026,event_tracker,2026-05-01 23:00:00,batch_20260501
ses_9b11b530,usr_55ab946d,anon_8c9aa1e9,2026-05-01 08:50:30,2026-05-01 08:57:57,447,mobile,web,CA,,,,,event_tracker,2026-05-01 23:00:00,batch_20260501
ses_899ac252,usr_cae28e66,anon_37e9d2e2,2026-05-01 13:29:31,2026-05-01 13:34:43,312,mobile,android,BR,google,tiktok,social,gen_z_launch,event_tracker,2026-05-01 23:00:00,batch_20260501
ses_c1369c65,usr_336749b5,anon_14f573d0,2026-05-01 05:34:12,2026-05-01 06:04:25,1813,desktop,web,FR,,,,,event_tracker,2026-05-01 23:00:00,batch_20260501
ses_b42a0456,usr_637e4b01,anon_906d5c8c,2026-05-01 16:55:31,2026-05-01 17:25:45,1814,desktop,android,DE,google,facebook,social,lookalike_q2,event_tracker,2026-05-01 23:00:00,batch_20260501
ses_8c32bdb2,usr_b1a8b71f,anon_929c93b3,2026-05-01 16:55:10,2026-05-01 17:34:34,2364,mobile,ios,BR,email,facebook,social,lookalike_q2,event_tracker,2026-05-01 23:00:00,batch_20260501
ses_53ff8461,usr_4ddb1b36,anon_1dc1e7eb,2026-05-01 09:24:22,2026-05-01 09:48:06,1424,desktop,android,US,,,,,event_tracker,2026-05-01 23:00:00,batch_20260501
ses_95492a82,,anon_82a7f586,2026-05-01 14:47:51,2026-05-01 15:21:42,2031,mobile,android,BR,facebook,,,,event_tracker,2026-05-01 23:00:00,batch_20260501
ses_741423b5,,anon_74f0beae,2026-05-01 08:04:05,2026-05-01 08:32:11,1686,mobile,web,AU,facebook,newsletter,email,weekly_digest,event_tracker,2026-05-01 23:00:00,batch_20260501
ses_765e6cb5,usr_92ec89af,anon_b928e23f,2026-05-01 20:02:20,2026-05-01 20:25:24,1384,mobile,android,FR,direct,google,cpc,spring_sale_2026,event_tracker,2026-05-01 23:00:00,batch_20260501
ses_d1031424,usr_ef8c485b,anon_940c3503,2026-05-01 19:30:36,2026-05-01 20:23:07,3151,mobile,web,BR,email,,,,event_tracker,2026-05-01 23:00:00,batch_20260501
ses_58330b30,usr_56c438e4,anon_fe7ee362,2026-05-01 21:43:42,2026-05-01 22:03:31,1189,desktop,android,DE,email,google,cpc,spring_sale_2026,event_tracker,2026-05-01 23:00:00,batch_20260501
ses_11ab3d11,,anon_081fc6dc,2026-05-01 19:26:50,2026-05-01 19:35:58,548,tablet,web,FR,direct,partner_blog,affiliate,tech_review_apr,event_tracker,2026-05-01 23:00:00,batch_20260501
ses_c4db5a62,usr_bf7b539b,anon_fa740cc8,2026-05-01 00:26:47,2026-05-01 01:06:28,2381,mobile,android,GB,google,facebook,social,lookalike_q2,event_tracker,2026-05-01 23:00:00,batch_20260501
ses_6b9cd71c,usr_3f07f814,anon_61ea2f30,2026-05-01 02:22:44,2026-05-01 02:50:35,1671,desktop,web,US,direct,google,cpc,spring_sale_2026,event_tracker,2026-05-01 23:00:00,batch_20260501
ses_e821e716,usr_892e6161,anon_aec76a82,2026-05-01 03:06:04,2026-05-01 03:23:30,1046,desktop,web,DE,,tiktok,social,gen_z_launch,event_tracker,2026-05-01 23:00:00,batch_20260501
ses_8a0f9508,usr_892e6161,anon_59077299,2026-05-01 21:25:39,2026-05-01 21:55:25,1786,desktop,web,CA,direct,partner_blog,affiliate,tech_review_apr,event_tracker,2026-05-01 23:00:00,batch_20260501
ses_8989c5ab,usr_7914c120,anon_ba54e920,2026-05-01 05:43:05,2026-05-01 05:59:57,1012,mobile,ios,JP,facebook,partner_blog,affiliate,tech_review_apr,event_tracker,2026-05-01 23:00:00,batch_20260501
ses_00e3a026,usr_e27a984d,anon_4c61845e,2026-05-01 08:25:40,2026-05-01 08:45:50,1210,desktop,android,CA,direct,,,,event_tracker,2026-05-01 23:00:00,batch_20260501
ses_8b60c511,usr_55ab946d,anon_d2c7bffb,2026-05-01 21:28:24,2026-05-01 22:14:02,2738,mobile,ios,DE,direct,,,,event_tracker,2026-05-01 23:00:00,batch_20260501
ses_589decb0,usr_96a402f2,anon_effa2002,2026-05-01 02:10:16,2026-05-01 02:22:05,709,desktop,web,FR,facebook,google,cpc,spring_sale_2026,event_tracker,2026-05-01 23:00:00,batch_20260501
ses_1ce362f8,usr_81f38dd4,anon_6b535a19,2026-05-01 14:39:17,2026-05-01 14:58:22,1145,mobile,ios,US,facebook,,,,event_tracker,2026-05-01 23:00:00,batch_20260501
ses_e23ddfaa,usr_451b4cf3,anon_34c1c3ea,2026-05-01 03:19:30,2026-05-01 03:35:37,967,desktop,web,US,email,newsletter,email,weekly_digest,event_tracker,2026-05-01 23:00:00,batch_20260501
ses_08987462,usr_939b462d,anon_b40a9181,2026-05-01 17:07:49,2026-05-01 17:43:44,2155,tablet,ios,JP,facebook,,,,event_tracker,2026-05-01 23:00:00,batch_20260501
ses_bd9419aa,usr_43d88870,anon_3bfda8a6,2026-05-01 12:08:07,2026-05-01 12:30:32,1345,desktop,android,JP,facebook,facebook,social,lookalike_q2,event_tracker,2026-05-01 23:00:00,batch_20260501
ses_dd1d6cd1,usr_f28e4122,anon_80ff5173,2026-05-01 20:01:42,2026-05-01 20:04:42,180,mobile,android,CA,facebook,,,,event_tracker,2026-05-01 23:00:00,batch_20260501
ses_d0d75e37,usr_06cb0fb3,anon_51a3ac26,2026-05-01 23:56:40,2026-05-02 00:56:30,3590,mobile,ios,AU,,,,,event_tracker,2026-05-01 23:00:00,batch_20260501
ses_ac2b0cfc,usr_b34191b8,anon_4d406f1b,2026-05-01 01:52:44,2026-05-01 02:07:07,863,mobile,android,BR,facebook,google,cpc,spring_sale_2026,event_tracker,2026-05-01 23:00:00,batch_20260501
ses_a903ae67,usr_a1a27485,anon_4ceda164,2026-05-01 08:42:45,2026-05-01 09:31:42,2937,desktop,web,JP,google,facebook,social,lookalike_q2,event_tracker,2026-05-01 23:00:00,batch_20260501
ses_f2d2393f,usr_3f07f814,anon_e95d2761,2026-05-01 16:48:02,2026-05-01 16:56:33,511,mobile,web,FR,,,,,event_tracker,2026-05-01 23:00:00,batch_20260501
ses_6d5d0477,usr_637e4b01,anon_f8e8035b,2026-05-01 17:11:34,2026-05-01 17:28:42,1028,mobile,ios,GB,google,facebook,social,lookalike_q2,event_tracker,2026-05-01 23:00:00,batch_20260501
ses_abdd1a8f,usr_fa745761,anon_519894d8,2026-05-01 12:22:28,2026-05-01 13:16:44,3256,desktop,android,FR,,newsletter,email,weekly_digest,event_tracker,2026-05-01 23:00:00,batch_20260501
ses_26332018,usr_e256a6dc,anon_c12169db,2026-05-01 16:15:29,2026-05-01 16:52:45,2236,mobile,web,JP,facebook,,,,event_tracker,2026-05-01 23:00:00,batch_20260501
ses_d96e684f,usr_81f38dd4,anon_b523c0de,2026-05-01 08:41:40,2026-05-01 09:21:12,2372,desktop,android,US,email,,,,event_tracker,2026-05-01 23:00:00,batch_20260501
ses_ea2c7a51,usr_ef4afa88,anon_f7c0d5f7,2026-05-01 13:52:48,2026-05-01 14:19:39,1611,desktop,web,GB,facebook,,,,event_tracker,2026-05-01 23:00:00,batch_20260501
ses_2253e706,,anon_340de049,2026-05-01 21:29:16,2026-05-01 21:52:25,1389,desktop,android,CA,,,,,event_tracker,2026-05-01 23:00:00,batch_20260501
ses_ec170298,,anon_17abb863,2026-05-01 05:14:54,2026-05-01 05:43:23,1709,tablet,ios,BR,email,facebook,social,lookalike_q2,event_tracker,2026-05-01 23:00:00,batch_20260501
ses_30c36756,usr_9feefdff,anon_ac75c344,2026-05-01 02:55:27,2026-05-01 03:54:05,3518,desktop,web,JP,email,partner_blog,affiliate,tech_review_apr,event_tracker,2026-05-01 23:00:00,batch_20260501
ses_dfa59722,usr_dafec8a9,anon_c2fe8954,2026-05-01 19:41:52,2026-05-01 19:44:49,177,mobile,web,FR,direct,,,,event_tracker,2026-05-01 23:00:00,batch_20260501
ses_8f10d33e,usr_e7067ef4,anon_de95d695,2026-05-01 23:04:26,2026-05-01 23:52:59,2913,mobile,web,FR,google,google,cpc,spring_sale_2026,event_tracker,2026-05-01 23:00:00,batch_20260501
ses_83e96ef4,usr_b1a8b71f,anon_ab545a15,2026-05-01 14:11:56,2026-05-01 15:10:41,3525,desktop,web,DE,facebook,facebook,social,lookalike_q2,event_tracker,2026-05-01 23:05:00,batch_20260501
ses_741423b5,,anon_74f0beae,2026-05-01 08:04:05,2026-05-01 08:32:11,1686,mobile,web,AU,facebook,newsletter,email,weekly_digest,event_tracker,2026-05-01 23:05:00,batch_20260501
ses_39d1c7ff,usr_5e2ad32d,anon_d90dd19b,2026-05-02 04:58:47,2026-05-02 05:42:10,2603,desktop,ios,FR,facebook,google,cpc,spring_sale_2026,event_tracker,2026-05-02 23:00:00,batch_20260502
ses_dbb44021,usr_ce9e1a11,anon_17efa621,2026-05-02 03:16:53,2026-05-02 03:37:31,1238,mobile,ios,GB,,,,,event_tracker,2026-05-02 23:00:00,batch_20260502
ses_8d7dd772,usr_06998731,anon_026b5383,2026-05-02 09:55:20,2026-05-02 10:52:31,3431,tablet,android,FR,email,,,,event_tracker,2026-05-02 23:00:00,batch_20260502
ses_7ff6b824,usr_96a402f2,anon_c8cce2c2,2026-05-02 05:07:29,2026-05-02 05:59:28,3119,desktop,web,JP,,tiktok,social,gen_z_launch,event_tracker,2026-05-02 23:00:00,batch_20260502
ses_dba3496f,usr_d8f56413,anon_873570a2,2026-05-02 09:37:43,2026-05-02 10:14:50,2227,mobile,web,FR,,tiktok,social,gen_z_launch,event_tracker,2026-05-02 23:00:00,batch_20260502
ses_361f6d90,usr_7f9d3e64,anon_e336c243,2026-05-02 03:56:41,2026-05-02 04:43:15,2794,mobile,web,AU,,facebook,social,lookalike_q2,event_tracker,2026-05-02 23:00:00,batch_20260502
ses_0beb7c34,,anon_ecf32053,2026-05-02 16:54:12,2026-05-02 17:42:33,2901,mobile,ios,US,google,facebook,social,lookalike_q2,event_tracker,2026-05-02 23:00:00,batch_20260502
ses_90422eb7,usr_e7067ef4,anon_edc3a1c3,2026-05-02 08:32:55,2026-05-02 09:10:06,2231,mobile,web,JP,,,,,event_tracker,2026-05-02 23:00:00,batch_20260502
ses_f622d842,usr_fa745761,anon_c093bfb0,2026-05-02 23:50:41,2026-05-02 23:57:56,435,desktop,android,US,email,facebook,social,lookalike_q2,event_tracker,2026-05-02 23:00:00,batch_20260502
ses_65f6ba53,usr_cc530e36,anon_299656e2,2026-05-02 13:12:17,2026-05-02 13:19:33,436,mobile,web,AU,google,tiktok,social,gen_z_launch,event_tracker,2026-05-02 23:00:00,batch_20260502
ses_d5aba8ae,usr_ef8c485b,anon_e582b678,2026-05-02 16:33:20,2026-05-02 16:40:05,405,desktop,web,US,google,,,,event_tracker,2026-05-02 23:00:00,batch_20260502
ses_c16f9bcc,usr_ce9e1a11,anon_fd0ce433,2026-05-02 20:33:20,2026-05-02 20:47:50,870,desktop,ios,DE,direct,facebook,social,lookalike_q2,event_tracker,2026-05-02 23:00:00,batch_20260502
ses_8033f5c2,,anon_0dbf0caf,2026-05-02 21:41:56,2026-05-02 21:42:37,41,tablet,ios,FR,direct,google,cpc,spring_sale_2026,event_tracker,2026-05-02 23:00:00,batch_20260502
ses_d6b361e4,usr_ce9e1a11,anon_c4dd8df5,2026-05-02 00:32:27,2026-05-02 00:57:24,1497,mobile,android,US,direct,facebook,social,lookalike_q2,event_tracker,2026-05-02 23:00:00,batch_20260502
ses_658e54a2,,anon_07958c1f,2026-05-02 15:19:36,2026-05-02 15:56:00,2184,mobile,android,AU,,newsletter,email,weekly_digest,event_tracker,2026-05-02 23:00:00,batch_20260502
ses_fe1a1ba9,usr_236c7b87,anon_5b167158,2026-05-02 22:23:43,2026-05-02 22:27:10,207,tablet,web,FR,facebook,partner_blog,affiliate,tech_review_apr,event_tracker,2026-05-02 23:00:00,batch_20260502
ses_6e8d9644,,anon_a921cb4c,2026-05-02 17:26:21,2026-05-02 18:24:41,3500,desktop,android,BR,google,,,,event_tracker,2026-05-02 23:00:00,batch_20260502
ses_9e5d9c7a,usr_f1eedba3,anon_b68e47fa,2026-05-02 02:23:29,2026-05-02 02:32:35,546,desktop,web,AU,facebook,,,,event_tracker,2026-05-02 23:00:00,batch_20260502
ses_277b0667,usr_336749b5,anon_a247541d,2026-05-02 18:24:23,2026-05-02 19:06:12,2509,desktop,ios,DE,facebook,tiktok,social,gen_z_launch,event_tracker,2026-05-02 23:00:00,batch_20260502
ses_5111d31d,usr_32a447b2,anon_01547950,2026-05-02 16:30:41,2026-05-02 16:58:24,1663,mobile,android,AU,email,tiktok,social,gen_z_launch,event_tracker,2026-05-02 23:00:00,batch_20260502
ses_5c238d8d,usr_38ab854c,anon_21ebfaa9,2026-05-02 02:26:39,2026-05-02 02:33:22,403,mobile,ios,AU,direct,newsletter,email,weekly_digest,event_tracker,2026-05-02 23:00:00,batch_20260502
ses_72e76b51,usr_b8ba8368,anon_68759545,2026-05-02 20:27:00,2026-05-02 20:50:00,1380,mobile,web,JP,google,,,,event_tracker,2026-05-02 23:00:00,batch_20260502
ses_5a9a206a,usr_c19ad58c,anon_991965ea,2026-05-02 03:46:19,2026-05-02 04:26:16,2397,mobile,android,DE,google,tiktok,social,gen_z_launch,event_tracker,2026-05-02 23:00:00,batch_20260502
ses_629ef3d8,usr_3f07f814,anon_6346d4ef,2026-05-02 10:08:32,2026-05-02 10:48:13,2381,mobile,web,US,,,,,event_tracker,2026-05-02 23:00:00,batch_20260502
ses_e6b0da0a,usr_5eddbbbf,anon_fa698cd2,2026-05-02 01:03:14,2026-05-02 01:16:02,768,desktop,android,AU,google,facebook,social,lookalike_q2,event_tracker,2026-05-02 23:00:00,batch_20260502
ses_2b69c95e,,anon_238b05b7,2026-05-02 23:55:59,2026-05-03 00:23:50,1671,desktop,ios,CA,,facebook,social,lookalike_q2,event_tracker,2026-05-02 23:00:00,batch_20260502
ses_7e3d5ee4,usr_32a447b2,anon_6f46f1b1,2026-05-02 05:43:51,2026-05-02 06:09:36,1545,mobile,web,CA,google,google,cpc,spring_sale_2026,event_tracker,2026-05-02 23:00:00,batch_20260502
ses_7bf69552,usr_287d06ca,anon_406f64d6,2026-05-02 02:58:13,2026-05-02 03:17:17,1144,mobile,web,BR,facebook,facebook,social,lookalike_q2,event_tracker,2026-05-02 23:00:00,batch_20260502
ses_a002352a,usr_3f07f814,anon_320f72c0,2026-05-02 12:34:02,2026-05-02 13:03:52,1790,desktop,web,BR,,partner_blog,affiliate,tech_review_apr,event_tracker,2026-05-02 23:00:00,batch_20260502
ses_4dfe1117,,anon_550c2fe9,2026-05-02 14:23:27,2026-05-02 15:04:51,2484,mobile,ios,GB,email,facebook,social,lookalike_q2,event_tracker,2026-05-02 23:00:00,batch_20260502
ses_cdd7f460,,anon_55b145e4,2026-05-02 18:06:33,2026-05-02 18:58:02,3089,mobile,web,DE,,newsletter,email,weekly_digest,event_tracker,2026-05-02 23:00:00,batch_20260502
ses_dc08bf29,usr_c19ad58c,anon_22d90db3,2026-05-02 02:37:27,2026-05-02 03:05:03,1656,mobile,ios,BR,google,,,,event_tracker,2026-05-02 23:00:00,batch_20260502
ses_f280df1d,usr_01fa964e,anon_506e50c7,2026-05-02 14:43:28,2026-05-02 15:32:24,2936,mobile,android,US,email,google,cpc,spring_sale_2026,event_tracker,2026-05-02 23:00:00,batch_20260502
ses_f7fe604f,usr_336749b5,anon_b1e8c09d,2026-05-02 13:10:28,2026-05-02 13:16:58,390,mobile,android,JP,,google,cpc,spring_sale_2026,event_tracker,2026-05-02 23:00:00,batch_20260502
ses_936cd31c,usr_92ec89af,anon_60452909,2026-05-02 12:21:40,2026-05-02 12:37:17,937,mobile,web,CA,,newsletter,email,weekly_digest,event_tracker,2026-05-02 23:00:00,batch_20260502
ses_64976593,usr_45b1ed25,anon_905881df,2026-05-02 12:46:59,2026-05-02 13:37:08,3009,desktop,ios,DE,google,google,cpc,spring_sale_2026,event_tracker,2026-05-02 23:00:00,batch_20260502
ses_8bae591e,usr_a1a27485,anon_8cd34c62,2026-05-02 05:33:56,2026-05-02 06:26:19,3143,mobile,web,BR,facebook,,,,event_tracker,2026-05-02 23:00:00,batch_20260502
ses_762cdfbc,usr_b88ec318,anon_703e957f,2026-05-02 20:33:09,2026-05-02 21:17:32,2663,desktop,web,AU,direct,tiktok,social,gen_z_launch,event_tracker,2026-05-02 23:00:00,batch_20260502
ses_b15da72d,usr_55ab946d,anon_cbb02a8b,2026-05-02 11:01:31,2026-05-02 11:56:22,3291,mobile,web,CA,email,newsletter,email,weekly_digest,event_tracker,2026-05-02 23:00:00,batch_20260502
ses_7fd255ee,,anon_3df51967,2026-05-02 13:25:31,2026-05-02 14:22:47,3436,desktop,ios,JP,facebook,newsletter,email,weekly_digest,event_tracker,2026-05-02 23:00:00,batch_20260502
ses_b719bb68,usr_adedda80,anon_12ef6101,2026-05-02 01:29:36,2026-05-02 02:00:48,1872,desktop,ios,AU,,newsletter,email,weekly_digest,event_tracker,2026-05-02 23:00:00,batch_20260502
ses_7aaf2001,usr_04fc6d82,anon_81b15db9,2026-05-02 16:24:10,2026-05-02 16:31:43,453,desktop,web,CA,,partner_blog,affiliate,tech_review_apr,event_tracker,2026-05-02 23:00:00,batch_20260502
ses_b113d50b,,anon_ca6caf9b,2026-05-02 15:56:17,2026-05-02 16:26:46,1829,desktop,android,AU,email,tiktok,social,gen_z_launch,event_tracker,2026-05-02 23:00:00,batch_20260502
ses_e53f9644,usr_5fbbf0b1,anon_a35fc9c1,2026-05-02 21:46:06,2026-05-02 21:50:10,244,desktop,ios,AU,google,newsletter,email,weekly_digest,event_tracker,2026-05-02 23:00:00,batch_20260502
ses_c4da2c2e,usr_d6d7b3b8,anon_5ae1dbad,2026-05-02 23:54:17,2026-05-03 00:35:55,2498,mobile,web,GB,email,facebook,social,lookalike_q2,event_tracker,2026-05-02 23:00:00,batch_20260502
ses_0b570720,usr_5e2ad32d,anon_ad6ecc57,2026-05-02 14:16:14,2026-05-02 14:25:32,558,tablet,android,JP,email,,,,event_tracker,2026-05-02 23:00:00,batch_20260502
ses_c0afd193,usr_32399ffb,anon_6e3255a8,2026-05-02 19:09:55,2026-05-02 19:16:47,412,mobile,android,US,email,facebook,social,lookalike_q2,event_tracker,2026-05-02 23:00:00,batch_20260502
ses_423cad9d,usr_32a447b2,anon_84cfee39,2026-05-02 17:42:16,2026-05-02 17:55:52,816,mobile,ios,FR,google,newsletter,email,weekly_digest,event_tracker,2026-05-02 23:00:00,batch_20260502
ses_9342a09f,usr_adedda80,anon_64215e66,2026-05-02 19:10:13,2026-05-02 19:13:17,184,desktop,web,GB,,tiktok,social,gen_z_launch,event_tracker,2026-05-02 23:00:00,batch_20260502
ses_96add4df,usr_32399ffb,anon_584fc85b,2026-05-02 22:44:45,2026-05-02 23:40:28,3343,desktop,ios,JP,email,partner_blog,affiliate,tech_review_apr,event_tracker,2026-05-02 23:00:00,batch_20260502
ses_fe1a1ba9,usr_236c7b87,anon_5b167158,2026-05-02 22:23:43,2026-05-02 22:27:10,207,tablet,web,FR,facebook,partner_blog,affiliate,tech_review_apr,event_tracker,2026-05-02 23:05:00,batch_20260502
ses_a002352a,usr_3f07f814,anon_320f72c0,2026-05-02 12:34:02,2026-05-02 13:03:52,1790,desktop,web,BR,,partner_blog,affiliate,tech_review_apr,event_tracker,2026-05-02 23:05:00,batch_20260502
ses_503b4078,,anon_647dc392,2026-05-03 02:53:04,2026-05-03 02:54:51,107,desktop,web,JP,google,,,,event_tracker,2026-05-03 23:00:00,batch_20260503
ses_5a1baf0e,usr_ef8c485b,anon_2c2ac34b,2026-05-03 01:44:18,2026-05-03 02:01:04,1006,desktop,android,CA,google,,,,event_tracker,2026-05-03 23:00:00,batch_20260503
ses_ccf4ffb0,usr_0f5ae9d3,anon_97154633,2026-05-03 00:35:54,2026-05-03 01:19:32,2618,mobile,ios,FR,facebook,google,cpc,spring_sale_2026,event_tracker,2026-05-03 23:00:00,batch_20260503
ses_502cf0ee,usr_01fa964e,anon_1df05d18,2026-05-03 15:10:00,2026-05-03 15:23:17,797,mobile,android,CA,,newsletter,email,weekly_digest,event_tracker,2026-05-03 23:00:00,batch_20260503
ses_243012da,usr_06998731,anon_98af5cca,2026-05-03 20:10:33,2026-05-03 20:12:26,113,mobile,web,JP,email,facebook,social,lookalike_q2,event_tracker,2026-05-03 23:00:00,batch_20260503
ses_6c4c450b,,anon_8991b01a,2026-05-03 02:27:35,2026-05-03 02:51:37,1442,desktop,ios,AU,direct,google,cpc,spring_sale_2026,event_tracker,2026-05-03 23:00:00,batch_20260503
ses_ee4205ee,usr_f28e4122,anon_2ab7b2ef,2026-05-03 23:24:12,2026-05-03 23:36:39,747,desktop,web,BR,direct,,,,event_tracker,2026-05-03 23:00:00,batch_20260503
ses_2fe5b140,,anon_9e91a71c,2026-05-03 16:39:48,2026-05-03 16:42:49,181,mobile,ios,US,email,,,,event_tracker,2026-05-03 23:00:00,batch_20260503
ses_f3abea0d,usr_f28e4122,anon_31f3f0c0,2026-05-03 19:46:16,2026-05-03 20:19:05,1969,desktop,ios,FR,email,,,,event_tracker,2026-05-03 23:00:00,batch_20260503
ses_8fc3d7d3,,anon_68bd075b,2026-05-03 23:52:28,2026-05-04 00:15:37,1389,desktop,android,JP,facebook,,,,event_tracker,2026-05-03 23:00:00,batch_20260503
ses_b5cbe3f5,usr_5380b904,anon_2ad11fe8,2026-05-03 18:03:58,2026-05-03 18:51:42,2864,tablet,web,FR,google,,,,event_tracker,2026-05-03 23:00:00,batch_20260503
ses_cbbed980,,anon_085eb489,2026-05-03 21:56:04,2026-05-03 22:52:42,3398,mobile,ios,CA,email,partner_blog,affiliate,tech_review_apr,event_tracker,2026-05-03 23:00:00,batch_20260503
ses_49e64c22,usr_a1a27485,anon_90ce77e9,2026-05-03 15:30:51,2026-05-03 15:42:43,712,mobile,ios,AU,,,,,event_tracker,2026-05-03 23:00:00,batch_20260503
ses_7eccdaf4,usr_d4d60735,anon_929d6377,2026-05-03 02:05:18,2026-05-03 02:10:55,337,mobile,web,GB,google,google,cpc,spring_sale_2026,event_tracker,2026-05-03 23:00:00,batch_20260503
ses_8b0901ab,usr_80bbae52,anon_8ac35ac4,2026-05-03 15:57:12,2026-05-03 16:00:04,172,mobile,web,AU,email,tiktok,social,gen_z_launch,event_tracker,2026-05-03 23:00:00,batch_20260503
ses_c28fa16b,usr_a1a27485,anon_37f25d36,2026-05-03 05:35:11,2026-05-03 06:22:02,2811,mobile,android,CA,,google,cpc,spring_sale_2026,event_tracker,2026-05-03 23:00:00,batch_20260503
ses_bc69c155,usr_f0e98b3b,anon_3f5e3b8c,2026-05-03 23:38:59,2026-05-03 23:58:30,1171,mobile,web,GB,facebook,newsletter,email,weekly_digest,event_tracker,2026-05-03 23:00:00,batch_20260503
ses_0840405a,usr_ef8c485b,anon_dcb91d5f,2026-05-03 09:31:51,2026-05-03 10:25:15,3204,mobile,web,FR,facebook,facebook,social,lookalike_q2,event_tracker,2026-05-03 23:00:00,batch_20260503
ses_dd83ad03,,anon_cfd7f3b9,2026-05-03 02:41:46,2026-05-03 03:13:07,1881,desktop,ios,AU,email,,,,event_tracker,2026-05-03 23:00:00,batch_20260503
ses_bcd4344f,usr_b118f68d,anon_dc6dafff,2026-05-03 10:55:15,2026-05-03 11:53:52,3517,desktop,web,GB,email,newsletter,email,weekly_digest,event_tracker,2026-05-03 23:00:00,batch_20260503
ses_6d9c5b50,,anon_c8ebe27a,2026-05-03 07:19:02,2026-05-03 08:13:36,3274,desktop,ios,AU,,newsletter,email,weekly_digest,event_tracker,2026-05-03 23:00:00,batch_20260503
ses_ce315937,usr_4f199ec0,anon_88438de2,2026-05-03 04:43:29,2026-05-03 05:25:45,2536,mobile,android,BR,,tiktok,social,gen_z_launch,event_tracker,2026-05-03 23:00:00,batch_20260503
ses_2b1ac76c,usr_01fa964e,anon_4aea1b8f,2026-05-03 02:41:06,2026-05-03 02:50:09,543,desktop,android,BR,,tiktok,social,gen_z_launch,event_tracker,2026-05-03 23:00:00,batch_20260503
ses_f3d04ffb,usr_8d2238e6,anon_e67093a0,2026-05-03 20:04:20,2026-05-03 20:48:30,2650,desktop,ios,JP,,,,,event_tracker,2026-05-03 23:00:00,batch_20260503
ses_22b5f457,,anon_695e5ea9,2026-05-03 04:31:14,2026-05-03 05:07:06,2152,mobile,android,DE,email,,,,event_tracker,2026-05-03 23:00:00,batch_20260503
ses_46feacd4,usr_cc3ebdde,anon_b390b059,2026-05-03 02:52:16,2026-05-03 03:09:52,1056,tablet,android,GB,email,partner_blog,affiliate,tech_review_apr,event_tracker,2026-05-03 23:00:00,batch_20260503
ses_257035db,,anon_3f5fbf4f,2026-05-03 23:20:15,2026-05-03 23:32:15,720,desktop,ios,AU,,google,cpc,spring_sale_2026,event_tracker,2026-05-03 23:00:00,batch_20260503
ses_64880945,usr_7914c120,anon_a1e518a2,2026-05-03 01:39:18,2026-05-03 02:23:35,2657,mobile,ios,JP,,partner_blog,affiliate,tech_review_apr,event_tracker,2026-05-03 23:00:00,batch_20260503
ses_600b4b35,usr_55ab946d,anon_cb6ad0c7,2026-05-03 19:51:49,2026-05-03 20:12:05,1216,mobile,ios,JP,email,tiktok,social,gen_z_launch,event_tracker,2026-05-03 23:00:00,batch_20260503
ses_67213a70,usr_dbccc477,anon_b1d81887,2026-05-03 16:00:19,2026-05-03 16:29:11,1732,mobile,web,GB,email,,,,event_tracker,2026-05-03 23:00:00,batch_20260503
ses_7466ef02,usr_2a131c1f,anon_94fb09f0,2026-05-03 12:34:28,2026-05-03 13:02:11,1663,mobile,web,CA,email,facebook,social,lookalike_q2,event_tracker,2026-05-03 23:00:00,batch_20260503
ses_d8dff535,,anon_f8ded777,2026-05-03 16:22:09,2026-05-03 16:39:34,1045,mobile,android,JP,direct,,,,event_tracker,2026-05-03 23:00:00,batch_20260503
ses_b28187c4,usr_f28e4122,anon_cbb18c79,2026-05-03 11:55:17,2026-05-03 12:35:13,2396,mobile,ios,BR,,newsletter,email,weekly_digest,event_tracker,2026-05-03 23:00:00,batch_20260503
ses_f7d7465d,usr_c9776598,anon_7ea5a387,2026-05-03 00:50:37,2026-05-03 00:57:15,398,desktop,ios,DE,,tiktok,social,gen_z_launch,event_tracker,2026-05-03 23:00:00,batch_20260503
ses_48998e5f,,anon_216e9fe5,2026-05-03 18:01:06,2026-05-03 18:42:23,2477,desktop,android,FR,,google,cpc,spring_sale_2026,event_tracker,2026-05-03 23:00:00,batch_20260503
ses_c9ce44bd,,anon_c3231466,2026-05-03 04:52:35,2026-05-03 05:11:08,1113,desktop,android,US,facebook,google,cpc,spring_sale_2026,event_tracker,2026-05-03 23:00:00,batch_20260503
ses_a04d4d14,usr_7ed70ed7,anon_042b03ca,2026-05-03 20:08:32,2026-05-03 20:28:44,1212,desktop,web,FR,,partner_blog,affiliate,tech_review_apr,event_tracker,2026-05-03 23:00:00,batch_20260503
ses_28719b9b,,anon_fde91c42,2026-05-03 03:31:12,2026-05-03 03:58:35,1643,tablet,web,AU,direct,facebook,social,lookalike_q2,event_tracker,2026-05-03 23:00:00,batch_20260503
ses_fee5ce69,usr_06998731,anon_e1d46f82,2026-05-03 01:27:56,,215,desktop,android,BR,direct,partner_blog,affiliate,tech_review_apr,event_tracker,2026-05-03 23:00:00,batch_20260503
ses_dfda35b2,usr_9e50aa42,anon_17e52113,2026-05-03 22:19:16,2026-05-03 22:41:30,1334,tablet,web,FR,,facebook,social,lookalike_q2,event_tracker,2026-05-03 23:00:00,batch_20260503
ses_1519830c,usr_0f5ae9d3,anon_a61f0b96,2026-05-03 17:50:05,2026-05-03 18:38:57,2932,mobile,ios,AU,email,partner_blog,affiliate,tech_review_apr,event_tracker,2026-05-03 23:00:00,batch_20260503
ses_a0279a18,usr_67884209,anon_c156e501,2026-05-03 11:12:07,2026-05-03 12:07:00,3293,desktop,web,US,,newsletter,email,weekly_digest,event_tracker,2026-05-03 23:00:00,batch_20260503
ses_1758d47e,usr_80bbae52,anon_36a2c52b,2026-05-03 21:03:41,2026-05-03 21:43:36,2395,mobile,android,GB,,partner_blog,affiliate,tech_review_apr,event_tracker,2026-05-03 23:00:00,batch_20260503
ses_97fb613a,usr_fd85d7fa,anon_71efe72a,2026-05-03 13:50:32,2026-05-03 14:01:07,635,mobile,web,CA,direct,google,cpc,spring_sale_2026,event_tracker,2026-05-03 23:00:00,batch_20260503
ses_57f479b5,usr_e256a6dc,anon_dc3f42e0,2026-05-03 15:02:07,2026-05-03 15:49:45,2858,desktop,web,BR,google,,,,event_tracker,2026-05-03 23:00:00,batch_20260503
ses_7a4a902f,usr_b8ba8368,anon_16de66c9,2026-05-03 11:50:04,2026-05-03 12:35:46,2742,mobile,ios,BR,,tiktok,social,gen_z_launch,event_tracker,2026-05-03 23:00:00,batch_20260503
ses_1a6b6a7d,usr_10d4de39,anon_4c9bff5c,2026-05-03 23:25:19,2026-05-04 00:20:40,3321,desktop,ios,DE,email,newsletter,email,weekly_digest,event_tracker,2026-05-03 23:00:00,batch_20260503
ses_d038e153,usr_892e6161,anon_a43e558c,2026-05-03 10:31:20,2026-05-03 11:19:57,2917,desktop,android,BR,email,newsletter,email,weekly_digest,event_tracker,2026-05-03 23:00:00,batch_20260503
ses_11836c4f,usr_f4dbca07,anon_9c3de1b0,2026-05-03 09:57:22,2026-05-03 10:17:30,1208,desktop,android,JP,email,,,,event_tracker,2026-05-03 23:00:00,batch_20260503
ses_59e7703a,usr_b118f68d,anon_bf8e8bfa,2026-05-03 01:31:53,2026-05-03 01:52:01,1208,mobile,android,FR,facebook,facebook,social,lookalike_q2,event_tracker,2026-05-03 23:00:00,batch_20260503
ses_48998e5f,,anon_216e9fe5,2026-05-03 18:01:06,2026-05-03 18:42:23,2477,desktop,android,FR,,google,cpc,spring_sale_2026,event_tracker,2026-05-03 23:05:00,batch_20260503
ses_0840405a,usr_ef8c485b,anon_dcb91d5f,2026-05-03 09:31:51,2026-05-03 10:25:15,3204,mobile,web,FR,facebook,facebook,social,lookalike_q2,event_tracker,2026-05-03 23:05:00,batch_20260503
ses_9db7284b,usr_b8ba8368,anon_379d58f9,2026-05-01 09:53:21,2026-05-01 10:03:13,592,mobile,web,DE,direct,google,cpc,spring_sale_2026,event_tracker,2026-05-03 23:00:00,batch_20260503
ses_23d7e6a1,usr_56c438e4,anon_bae1e137,2026-05-01 08:12:59,2026-05-01 08:57:02,2643,mobile,ios,CA,facebook,facebook,social,lookalike_q2,event_tracker,2026-05-03 23:00:00,batch_20260503
ses_0e165b12,usr_06cb0fb3,anon_a8761e85,2026-05-04 09:29:41,2026-05-04 09:56:22,1601,desktop,android,FR,,,,,event_tracker,2026-05-04 23:00:00,batch_20260504
ses_033e02f7,,anon_02e7df89,2026-05-04 23:47:59,2026-05-05 00:13:01,1502,mobile,ios,BR,email,google,cpc,spring_sale_2026,event_tracker,2026-05-04 23:00:00,batch_20260504
ses_58c1aad6,usr_4f560ed5,anon_d28fcf68,2026-05-04 11:19:20,2026-05-04 12:06:57,2857,tablet,android,AU,,facebook,social,lookalike_q2,event_tracker,2026-05-04 23:00:00,batch_20260504
ses_5f32d5d8,usr_637e4b01,anon_df9b141e,2026-05-04 05:34:38,2026-05-04 06:06:11,1893,desktop,android,BR,,,,,event_tracker,2026-05-04 23:00:00,batch_20260504
ses_1e38f711,usr_b34191b8,anon_55c34853,2026-05-04 09:00:35,2026-05-04 09:47:31,2816,desktop,ios,BR,,,,,event_tracker,2026-05-04 23:00:00,batch_20260504
ses_861b4f5b,,anon_f99cea5c,2026-05-04 20:32:26,2026-05-04 20:40:35,489,desktop,web,DE,,newsletter,email,weekly_digest,event_tracker,2026-05-04 23:00:00,batch_20260504
ses_7f0386fa,usr_e8e6e840,anon_0e3141ec,2026-05-04 18:56:42,2026-05-04 19:27:21,1839,mobile,web,BR,google,,,,event_tracker,2026-05-04 23:00:00,batch_20260504
ses_2ab8bd33,usr_04fc6d82,anon_c5f8e2f8,2026-05-04 16:30:32,2026-05-04 16:40:02,570,mobile,ios,BR,email,,,,event_tracker,2026-05-04 23:00:00,batch_20260504
ses_ac93281a,usr_f28e4122,anon_bda3c162,2026-05-04 00:06:35,2026-05-04 00:57:59,3084,mobile,android,AU,google,newsletter,email,weekly_digest,event_tracker,2026-05-04 23:00:00,batch_20260504
ses_dbd30aec,,anon_0bc57207,2026-05-04 02:30:46,,1963,mobile,ios,JP,email,,,,event_tracker,2026-05-04 23:00:00,batch_20260504
ses_eb93f78c,usr_638abdf6,anon_f5d8fb91,2026-05-04 13:44:39,2026-05-04 14:10:47,1568,tablet,web,GB,email,google,cpc,spring_sale_2026,event_tracker,2026-05-04 23:00:00,batch_20260504
ses_cd98f9e2,usr_585a0afa,anon_a7dc2bc0,2026-05-04 19:15:16,2026-05-04 19:24:27,551,mobile,ios,US,email,newsletter,email,weekly_digest,event_tracker,2026-05-04 23:00:00,batch_20260504
ses_3f8e2d0d,usr_cae28e66,anon_51e744e4,2026-05-04 19:22:01,2026-05-04 19:48:24,1583,mobile,android,GB,email,facebook,social,lookalike_q2,event_tracker,2026-05-04 23:00:00,batch_20260504
ses_92502e59,usr_b34191b8,anon_ac5f12ef,2026-05-04 04:06:30,2026-05-04 04:09:11,161,mobile,ios,DE,direct,google,cpc,spring_sale_2026,event_tracker,2026-05-04 23:00:00,batch_20260504
ses_3922a7e4,usr_b88ec318,anon_0bc1f9e5,2026-05-04 21:45:52,2026-05-04 22:32:14,2782,mobile,web,US,facebook,tiktok,social,gen_z_launch,event_tracker,2026-05-04 23:00:00,batch_20260504
ses_e0827f76,usr_b1a8b71f,anon_c605e58a,2026-05-04 02:03:18,2026-05-04 02:13:21,603,mobile,web,AU,,newsletter,email,weekly_digest,event_tracker,2026-05-04 23:00:00,batch_20260504
ses_161d5c87,usr_9e50aa42,anon_5e717fca,2026-05-04 08:37:31,2026-05-04 08:58:37,1266,tablet,web,DE,facebook,facebook,social,lookalike_q2,event_tracker,2026-05-04 23:00:00,batch_20260504
ses_c8d57717,,anon_3e19fc1d,2026-05-04 21:32:30,2026-05-04 22:23:11,3041,desktop,android,BR,google,,,,event_tracker,2026-05-04 23:00:00,batch_20260504
ses_f8cbab4c,usr_ef2ddcc4,anon_c6a07656,2026-05-04 13:52:38,2026-05-04 14:46:46,3248,desktop,android,GB,email,tiktok,social,gen_z_launch,event_tracker,2026-05-04 23:00:00,batch_20260504
ses_8beb4e78,usr_38ab854c,anon_268b84b6,2026-05-04 08:46:24,2026-05-04 09:44:52,3508,desktop,ios,BR,google,newsletter,email,weekly_digest,event_tracker,2026-05-04 23:00:00,batch_20260504
ses_061efb95,usr_b8ba8368,anon_a2cd1590,2026-05-04 19:17:47,2026-05-04 19:27:26,579,mobile,android,CA,facebook,,,,event_tracker,2026-05-04 23:00:00,batch_20260504
ses_0274ce40,,anon_c2492e5e,2026-05-04 06:56:06,2026-05-04 07:00:07,241,desktop,web,US,google,facebook,social,lookalike_q2,event_tracker,2026-05-04 23:00:00,batch_20260504
ses_bcf2fc3b,usr_f4dbca07,anon_34879e41,2026-05-04 20:20:49,2026-05-04 20:36:07,918,desktop,android,FR,google,facebook,social,lookalike_q2,event_tracker,2026-05-04 23:00:00,batch_20260504
ses_6b790d01,usr_adedda80,anon_f8f9a45d,2026-05-04 04:16:16,2026-05-04 05:07:45,3089,mobile,ios,DE,facebook,,,,event_tracker,2026-05-04 23:00:00,batch_20260504
ses_47a2a10b,usr_8d2238e6,anon_3b41c943,2026-05-04 10:18:21,2026-05-04 10:44:50,1589,desktop,android,FR,email,newsletter,email,weekly_digest,event_tracker,2026-05-04 23:00:00,batch_20260504
ses_69be173a,usr_e7067ef4,anon_755d814b,2026-05-04 17:05:37,2026-05-04 17:58:06,3149,tablet,android,AU,facebook,google,cpc,spring_sale_2026,event_tracker,2026-05-04 23:00:00,batch_20260504
ses_94ad6252,usr_adedda80,anon_a3209116,2026-05-04 05:18:46,2026-05-04 05:20:22,96,tablet,web,JP,email,google,cpc,spring_sale_2026,event_tracker,2026-05-04 23:00:00,batch_20260504
ses_97867b12,usr_3985fb62,anon_a995ecc3,2026-05-04 20:44:43,2026-05-04 21:42:06,3443,desktop,web,AU,email,,,,event_tracker,2026-05-04 23:00:00,batch_20260504
ses_4aab47b2,usr_f4dbca07,anon_ed1115d7,2026-05-04 23:21:48,2026-05-05 00:12:47,3059,mobile,android,GB,direct,,,,event_tracker,2026-05-04 23:00:00,batch_20260504
ses_d4f76322,usr_12af97e4,anon_73e7f042,2026-05-04 19:44:18,2026-05-04 20:28:36,2658,desktop,ios,US,google,tiktok,social,gen_z_launch,event_tracker,2026-05-04 23:00:00,batch_20260504
ses_f18cccdc,usr_9360715f,anon_c5285425,2026-05-04 02:28:28,2026-05-04 03:17:14,2926,mobile,android,AU,google,partner_blog,affiliate,tech_review_apr,event_tracker,2026-05-04 23:00:00,batch_20260504
ses_1b0c62eb,usr_8de7ad6c,anon_50647c59,2026-05-04 17:35:34,2026-05-04 18:21:04,2730,mobile,web,JP,google,google,cpc,spring_sale_2026,event_tracker,2026-05-04 23:00:00,batch_20260504
ses_5bb8b9c8,usr_0f5ae9d3,anon_73b0d676,2026-05-04 10:26:16,2026-05-04 10:27:56,100,desktop,android,GB,google,,,,event_tracker,2026-05-04 23:00:00,batch_20260504
ses_da3c45ca,usr_cc530e36,anon_cebeabaa,2026-05-04 06:59:16,2026-05-04 07:42:04,2568,desktop,android,JP,google,tiktok,social,gen_z_launch,event_tracker,2026-05-04 23:00:00,batch_20260504
ses_b46788bd,usr_1d2324e6,anon_370b9a29,2026-05-04 08:51:17,2026-05-04 09:39:22,2885,desktop,ios,US,google,tiktok,social,gen_z_launch,event_tracker,2026-05-04 23:00:00,batch_20260504
ses_25f88c74,usr_38ab854c,anon_f7e9101d,2026-05-04 02:02:35,,2638,mobile,android,JP,email,newsletter,email,weekly_digest,event_tracker,2026-05-04 23:00:00,batch_20260504
ses_0c880714,usr_e7067ef4,anon_d1f16485,2026-05-04 19:13:46,2026-05-04 19:17:10,204,tablet,web,BR,email,google,cpc,spring_sale_2026,event_tracker,2026-05-04 23:00:00,batch_20260504
ses_f3bc9a71,,anon_8e52fc42,2026-05-04 10:12:29,2026-05-04 10:50:03,2254,mobile,android,US,direct,newsletter,email,weekly_digest,event_tracker,2026-05-04 23:00:00,batch_20260504
ses_183fea70,usr_83f02dc7,anon_cb371d97,2026-05-04 14:30:05,2026-05-04 14:35:50,345,desktop,web,JP,,facebook,social,lookalike_q2,event_tracker,2026-05-04 23:00:00,batch_20260504
ses_0fc98d2e,usr_439472e6,anon_38e7e019,2026-05-04 02:51:19,2026-05-04 03:26:00,2081,mobile,ios,JP,direct,,,,event_tracker,2026-05-04 23:00:00,batch_20260504
ses_668c879b,usr_10d4de39,anon_f004e897,2026-05-04 22:21:00,2026-05-04 23:02:09,2469,desktop,ios,FR,facebook,newsletter,email,weekly_digest,event_tracker,2026-05-04 23:00:00,batch_20260504
ses_960be0f4,usr_3985fb62,anon_13325c31,2026-05-04 15:43:23,2026-05-04 15:56:33,790,desktop,ios,FR,direct,,,,event_tracker,2026-05-04 23:00:00,batch_20260504
ses_329fc417,,anon_cf2e3296,2026-05-04 05:36:54,2026-05-04 06:03:20,1586,desktop,web,JP,email,tiktok,social,gen_z_launch,event_tracker,2026-05-04 23:00:00,batch_20260504
ses_d8e70aeb,,anon_1f5df912,2026-05-04 11:13:25,2026-05-04 11:44:16,1851,mobile,ios,CA,direct,tiktok,social,gen_z_launch,event_tracker,2026-05-04 23:00:00,batch_20260504
ses_0cf697a5,usr_80fb9296,anon_6ee35607,2026-05-04 14:51:23,,453,mobile,ios,AU,facebook,google,cpc,spring_sale_2026,event_tracker,2026-05-04 23:00:00,batch_20260504
ses_7f0223bc,usr_8d2238e6,anon_6d39da75,2026-05-04 03:05:01,2026-05-04 03:54:59,2998,tablet,ios,GB,facebook,google,cpc,spring_sale_2026,event_tracker,2026-05-04 23:00:00,batch_20260504
ses_e886a011,usr_5eddbbbf,anon_722dce13,2026-05-04 17:57:14,2026-05-04 18:07:41,627,mobile,android,FR,facebook,,,,event_tracker,2026-05-04 23:00:00,batch_20260504
ses_9d3616a1,usr_53cd6268,anon_a5b40983,2026-05-04 22:45:24,2026-05-04 23:19:44,2060,mobile,ios,GB,email,google,cpc,spring_sale_2026,event_tracker,2026-05-04 23:00:00,batch_20260504
ses_e1fdc6d1,usr_fd85d7fa,anon_1674eb65,2026-05-04 22:34:49,2026-05-04 23:01:15,1586,mobile,android,JP,,google,cpc,spring_sale_2026,event_tracker,2026-05-04 23:00:00,batch_20260504
ses_6b52f93c,usr_a1c7cc8a,anon_cc152a1b,2026-05-04 07:18:46,2026-05-04 07:51:58,1992,tablet,android,FR,facebook,,,,event_tracker,2026-05-04 23:00:00,batch_20260504
ses_e0827f76,usr_b1a8b71f,anon_c605e58a,2026-05-04 02:03:18,2026-05-04 02:13:21,603,mobile,web,AU,,newsletter,email,weekly_digest,event_tracker,2026-05-04 23:05:00,batch_20260504
ses_061efb95,usr_b8ba8368,anon_a2cd1590,2026-05-04 19:17:47,2026-05-04 19:27:26,579,mobile,android,CA,facebook,,,,event_tracker,2026-05-04 23:05:00,batch_20260504
ses_fe7c80e9,usr_3985fb62,anon_04ffeab2,2026-05-02 10:12:19,2026-05-02 11:08:33,3374,desktop,android,CA,,facebook,social,lookalike_q2,event_tracker,2026-05-04 23:00:00,batch_20260504
ses_b69f75c5,usr_39681c81,anon_c80c2195,2026-05-02 06:33:03,2026-05-02 07:20:05,2822,tablet,ios,BR,direct,tiktok,social,gen_z_launch,event_tracker,2026-05-04 23:00:00,batch_20260504
ses_2afaab7b,,anon_16b6bf61,2026-05-05 01:37:36,2026-05-05 02:33:24,3348,mobile,android,CA,direct,,,,event_tracker,2026-05-05 23:00:00,batch_20260505
ses_a39c3bd5,usr_9fd34579,anon_725656e3,2026-05-05 06:21:05,2026-05-05 06:59:15,2290,desktop,android,DE,facebook,partner_blog,affiliate,tech_review_apr,event_tracker,2026-05-05 23:00:00,batch_20260505
ses_3fe1e8f3,usr_5e2ad32d,anon_41b455b8,2026-05-05 15:44:00,,1650,desktop,ios,BR,,tiktok,social,gen_z_launch,event_tracker,2026-05-05 23:00:00,batch_20260505
ses_0053f649,,anon_bb8aa843,2026-05-05 07:49:13,2026-05-05 08:03:45,872,desktop,ios,CA,,facebook,social,lookalike_q2,event_tracker,2026-05-05 23:00:00,batch_20260505
ses_e271fff9,usr_336749b5,anon_60f34ebc,2026-05-05 04:08:56,2026-05-05 04:27:20,1104,mobile,web,AU,,tiktok,social,gen_z_launch,event_tracker,2026-05-05 23:00:00,batch_20260505
ses_19f738cb,usr_3f07f814,anon_dd326d9c,2026-05-05 12:40:03,2026-05-05 13:04:34,1471,desktop,web,FR,,newsletter,email,weekly_digest,event_tracker,2026-05-05 23:00:00,batch_20260505
ses_afe9be90,usr_f0e98b3b,anon_12de9e5a,2026-05-05 04:17:28,2026-05-05 04:34:15,1007,mobile,web,GB,,tiktok,social,gen_z_launch,event_tracker,2026-05-05 23:00:00,batch_20260505
ses_4b7f2183,usr_01fa964e,anon_f3a02120,2026-05-05 13:58:13,2026-05-05 14:27:35,1762,desktop,web,GB,,google,cpc,spring_sale_2026,event_tracker,2026-05-05 23:00:00,batch_20260505
ses_2b8c03bf,usr_5380b904,anon_bb635ff5,2026-05-05 11:27:12,2026-05-05 12:25:10,3478,mobile,android,US,facebook,google,cpc,spring_sale_2026,event_tracker,2026-05-05 23:00:00,batch_20260505
ses_e5eb772d,usr_b8ba8368,anon_981262ac,2026-05-05 18:24:08,2026-05-05 19:09:12,2704,desktop,android,BR,facebook,google,cpc,spring_sale_2026,event_tracker,2026-05-05 23:00:00,batch_20260505
ses_7b94a34d,usr_d4d60735,anon_f143e545,2026-05-05 08:01:45,,1226,mobile,android,GB,facebook,newsletter,email,weekly_digest,event_tracker,2026-05-05 23:00:00,batch_20260505
ses_e3c6dedb,usr_c9776598,anon_19ec0829,2026-05-05 20:00:53,2026-05-05 20:36:15,2122,mobile,web,AU,,,,,event_tracker,2026-05-05 23:00:00,batch_20260505
ses_30a2cee8,,anon_b8d77d2f,2026-05-05 16:04:10,2026-05-05 16:41:57,2267,mobile,web,DE,email,,,,event_tracker,2026-05-05 23:00:00,batch_20260505
ses_43e8644b,,anon_3ccff6eb,2026-05-05 09:34:07,2026-05-05 09:58:24,1457,mobile,ios,DE,direct,,,,event_tracker,2026-05-05 23:00:00,batch_20260505
ses_925f8199,usr_45b1ed25,anon_2751ab86,2026-05-05 22:13:08,2026-05-05 22:56:49,2621,desktop,ios,DE,google,newsletter,email,weekly_digest,event_tracker,2026-05-05 23:00:00,batch_20260505
ses_6d779595,usr_9a36d1ec,anon_a97a2846,2026-05-05 19:36:57,2026-05-05 19:48:56,719,desktop,android,FR,,,,,event_tracker,2026-05-05 23:00:00,batch_20260505
ses_331de35c,usr_e7067ef4,anon_2bbba89d,2026-05-05 04:56:11,2026-05-05 05:47:53,3102,tablet,android,GB,direct,facebook,social,lookalike_q2,event_tracker,2026-05-05 23:00:00,batch_20260505
ses_14f9c394,usr_32399ffb,anon_4ef03f80,2026-05-05 09:00:47,2026-05-05 09:53:15,3148,mobile,ios,FR,facebook,tiktok,social,gen_z_launch,event_tracker,2026-05-05 23:00:00,batch_20260505
ses_7d3572cc,,anon_1754bf08,2026-05-05 03:23:22,2026-05-05 03:51:22,1680,mobile,android,BR,facebook,facebook,social,lookalike_q2,event_tracker,2026-05-05 23:00:00,batch_20260505
ses_2f546033,,anon_5e911b91,2026-05-05 03:23:28,2026-05-05 04:13:51,3023,desktop,web,AU,google,,,,event_tracker,2026-05-05 23:00:00,batch_20260505
ses_43675d58,usr_cae28e66,anon_39eb038a,2026-05-05 07:42:47,2026-05-05 08:17:03,2056,desktop,android,GB,,,,,event_tracker,2026-05-05 23:00:00,batch_20260505
ses_0fc79913,usr_4f560ed5,anon_aadf3692,2026-05-05 01:45:45,2026-05-05 01:49:23,218,desktop,android,US,google,,,,event_tracker,2026-05-05 23:00:00,batch_20260505
ses_5802b640,usr_336749b5,anon_f8802878,2026-05-05 00:01:28,2026-05-05 00:31:10,1782,desktop,ios,FR,direct,,,,event_tracker,2026-05-05 23:00:00,batch_20260505
ses_8db8dadf,usr_6c006f61,anon_d183010f,2026-05-05 23:49:58,2026-05-06 00:15:04,1506,mobile,web,GB,google,tiktok,social,gen_z_launch,event_tracker,2026-05-05 23:00:00,batch_20260505
ses_891778e8,usr_81f38dd4,anon_798e175f,2026-05-05 08:31:29,2026-05-05 09:01:17,1788,desktop,ios,DE,facebook,google,cpc,spring_sale_2026,event_tracker,2026-05-05 23:00:00,batch_20260505
ses_79ec533c,usr_9fd34579,anon_e71c681a,2026-05-05 16:12:15,,68,mobile,ios,JP,direct,newsletter,email,weekly_digest,event_tracker,2026-05-05 23:00:00,batch_20260505
ses_8089b8c5,usr_6c006f61,anon_ccea5031,2026-05-05 03:43:45,2026-05-05 03:51:17,452,desktop,ios,JP,direct,partner_blog,affiliate,tech_review_apr,event_tracker,2026-05-05 23:00:00,batch_20260505
ses_9eca381b,usr_6c52c49f,anon_c1d71f4a,2026-05-05 19:18:54,,2337,desktop,android,AU,direct,partner_blog,affiliate,tech_review_apr,event_tracker,2026-05-05 23:00:00,batch_20260505
ses_fbff8a7d,usr_43d88870,anon_cef74829,2026-05-05 22:25:50,2026-05-05 23:13:12,2842,mobile,ios,GB,google,newsletter,email,weekly_digest,event_tracker,2026-05-05 23:00:00,batch_20260505
ses_6c624c2c,usr_cae28e66,anon_6f75ee8a,2026-05-05 11:27:02,2026-05-05 12:21:32,3270,mobile,ios,DE,,partner_blog,affiliate,tech_review_apr,event_tracker,2026-05-05 23:00:00,batch_20260505
ses_a091e5b4,usr_cc3ebdde,anon_4204d733,2026-05-05 00:58:35,2026-05-05 01:56:57,3502,desktop,ios,DE,facebook,facebook,social,lookalike_q2,event_tracker,2026-05-05 23:00:00,batch_20260505
ses_ea074d80,,anon_635a775d,2026-05-05 08:42:50,2026-05-05 09:17:07,2057,mobile,web,CA,,,,,event_tracker,2026-05-05 23:00:00,batch_20260505
ses_537d0bd1,,anon_7549c9f9,2026-05-05 13:08:49,2026-05-05 13:30:55,1326,desktop,web,JP,email,newsletter,email,weekly_digest,event_tracker,2026-05-05 23:00:00,batch_20260505
ses_c95b61f8,usr_38ab854c,anon_85c69fbf,2026-05-05 02:39:27,2026-05-05 02:41:05,98,mobile,ios,US,google,,,,event_tracker,2026-05-05 23:00:00,batch_20260505
ses_6a18e5af,usr_cc3ebdde,anon_9682d9ff,2026-05-05 22:53:08,2026-05-05 23:42:16,2948,mobile,web,JP,google,partner_blog,affiliate,tech_review_apr,event_tracker,2026-05-05 23:00:00,batch_20260505
ses_f08ce6c2,usr_e256a6dc,anon_900c0af7,2026-05-05 10:06:08,2026-05-05 10:12:20,372,desktop,ios,GB,,facebook,social,lookalike_q2,event_tracker,2026-05-05 23:00:00,batch_20260505
ses_493d6196,usr_b34191b8,anon_5807cf74,2026-05-05 23:39:35,2026-05-06 00:26:34,2819,mobile,android,DE,google,facebook,social,lookalike_q2,event_tracker,2026-05-05 23:00:00,batch_20260505
ses_620f230b,usr_3f07f814,anon_9be4f19f,2026-05-05 16:30:24,2026-05-05 17:12:41,2537,mobile,web,GB,google,google,cpc,spring_sale_2026,event_tracker,2026-05-05 23:00:00,batch_20260505
ses_46818a88,,anon_9bd0d4c7,2026-05-05 00:24:47,2026-05-05 00:36:28,701,mobile,web,FR,direct,tiktok,social,gen_z_launch,event_tracker,2026-05-05 23:00:00,batch_20260505
ses_09eda6f5,usr_638abdf6,anon_54dccba5,2026-05-05 09:47:07,2026-05-05 10:37:39,3032,desktop,ios,AU,facebook,facebook,social,lookalike_q2,event_tracker,2026-05-05 23:00:00,batch_20260505
ses_bee975da,,anon_e5a3d8e9,2026-05-05 20:59:42,2026-05-05 21:43:02,2600,mobile,android,US,facebook,,,,event_tracker,2026-05-05 23:00:00,batch_20260505
ses_d1403430,usr_dbccc477,anon_47c4cc51,2026-05-05 09:17:18,2026-05-05 10:10:35,3197,desktop,web,CA,direct,,,,event_tracker,2026-05-05 23:00:00,batch_20260505
ses_b23909f4,,anon_de703b72,2026-05-05 00:26:50,,1031,mobile,ios,GB,google,newsletter,email,weekly_digest,event_tracker,2026-05-05 23:00:00,batch_20260505
ses_f96671a5,usr_adedda80,anon_d3692867,2026-05-05 23:52:24,2026-05-06 00:21:31,1747,mobile,web,AU,email,,,,event_tracker,2026-05-05 23:00:00,batch_20260505
ses_6ab19e15,usr_ef8c485b,anon_301c8db3,2026-05-05 18:16:43,2026-05-05 19:03:10,2787,mobile,web,US,facebook,google,cpc,spring_sale_2026,event_tracker,2026-05-05 23:00:00,batch_20260505
ses_d2efa93b,usr_cc3ebdde,anon_c26e2706,2026-05-05 11:18:43,2026-05-05 11:41:33,1370,mobile,android,DE,email,newsletter,email,weekly_digest,event_tracker,2026-05-05 23:00:00,batch_20260505
ses_d22e3226,usr_812a1f9b,anon_28b26b1b,2026-05-05 08:49:55,2026-05-05 09:22:05,1930,tablet,ios,DE,direct,google,cpc,spring_sale_2026,event_tracker,2026-05-05 23:00:00,batch_20260505
ses_81bd55d5,usr_9360715f,anon_d9ee7dc9,2026-05-05 19:43:01,2026-05-05 20:07:09,1448,desktop,ios,AU,google,,,,event_tracker,2026-05-05 23:00:00,batch_20260505
ses_07692583,usr_adedda80,anon_d53ae57f,2026-05-05 11:11:46,2026-05-05 11:19:21,455,tablet,android,BR,google,,,,event_tracker,2026-05-05 23:00:00,batch_20260505
ses_3fde9814,,anon_eb04159c,2026-05-05 10:11:17,,411,mobile,web,JP,email,tiktok,social,gen_z_launch,event_tracker,2026-05-05 23:00:00,batch_20260505
ses_81bd55d5,usr_9360715f,anon_d9ee7dc9,2026-05-05 19:43:01,2026-05-05 20:07:09,1448,desktop,ios,AU,google,,,,event_tracker,2026-05-05 23:05:00,batch_20260505
ses_19f738cb,usr_3f07f814,anon_dd326d9c,2026-05-05 12:40:03,2026-05-05 13:04:34,1471,desktop,web,FR,,newsletter,email,weekly_digest,event_tracker,2026-05-05 23:05:00,batch_20260505
ses_462363a9,usr_67884209,anon_814ff657,2026-05-03 03:28:47,2026-05-03 04:03:47,2100,mobile,web,JP,google,newsletter,email,weekly_digest,event_tracker,2026-05-05 23:00:00,batch_20260505
ses_1fb621ae,usr_04fc6d82,anon_5f59fb4d,2026-05-03 15:50:14,2026-05-03 16:35:57,2743,mobile,ios,FR,email,,,,event_tracker,2026-05-05 23:00:00,batch_20260505
ses_a7f77451,usr_c47fa57e,anon_a6c681b0,2026-05-06 23:28:20,2026-05-06 23:34:34,374,mobile,ios,US,google,facebook,social,lookalike_q2,event_tracker,2026-05-06 23:00:00,batch_20260506
ses_846d5a3b,usr_ef4afa88,anon_0e88c8ec,2026-05-06 04:41:20,2026-05-06 04:48:06,406,desktop,android,CA,google,,,,event_tracker,2026-05-06 23:00:00,batch_20260506
ses_cf5e0f0b,,anon_51d05ef3,2026-05-06 20:53:40,2026-05-06 21:23:44,1804,mobile,ios,JP,facebook,google,cpc,spring_sale_2026,event_tracker,2026-05-06 23:00:00,batch_20260506
ses_06843c86,usr_5380b904,anon_4bacbedf,2026-05-06 10:00:42,2026-05-06 10:20:18,1176,mobile,web,DE,email,newsletter,email,weekly_digest,event_tracker,2026-05-06 23:00:00,batch_20260506
ses_6793cb09,usr_637e4b01,anon_95410a9d,2026-05-06 02:13:12,2026-05-06 02:19:41,389,mobile,ios,DE,,,,,event_tracker,2026-05-06 23:00:00,batch_20260506
ses_d0e656e5,usr_80bbae52,anon_b69f5eab,2026-05-06 13:04:29,2026-05-06 13:37:43,1994,mobile,web,AU,facebook,facebook,social,lookalike_q2,event_tracker,2026-05-06 23:00:00,batch_20260506
ses_a36884f5,,anon_f0cf9d73,2026-05-06 21:44:25,,927,desktop,android,US,facebook,newsletter,email,weekly_digest,event_tracker,2026-05-06 23:00:00,batch_20260506
ses_4cd99164,usr_9360715f,anon_a8596f8c,2026-05-06 05:48:42,2026-05-06 05:56:02,440,mobile,web,US,direct,newsletter,email,weekly_digest,event_tracker,2026-05-06 23:00:00,batch_20260506
ses_4b356e9a,usr_ebff8d15,anon_bdacdc5e,2026-05-06 12:55:04,2026-05-06 13:52:51,3467,mobile,ios,AU,email,,,,event_tracker,2026-05-06 23:00:00,batch_20260506
ses_8f1cb2cc,,anon_f269921c,2026-05-06 12:48:15,2026-05-06 13:27:30,2355,desktop,ios,BR,,facebook,social,lookalike_q2,event_tracker,2026-05-06 23:00:00,batch_20260506
ses_a7890770,usr_6c006f61,anon_392c04da,2026-05-06 02:02:42,2026-05-06 02:19:04,982,mobile,android,US,email,,,,event_tracker,2026-05-06 23:00:00,batch_20260506
ses_6ba4170b,usr_ce9e1a11,anon_5f269466,2026-05-06 12:24:23,2026-05-06 13:13:49,2966,desktop,android,US,google,google,cpc,spring_sale_2026,event_tracker,2026-05-06 23:00:00,batch_20260506
ses_76b90436,usr_f1eedba3,anon_0dbdc5da,2026-05-06 04:02:18,2026-05-06 05:00:35,3497,mobile,ios,AU,facebook,newsletter,email,weekly_digest,event_tracker,2026-05-06 23:00:00,batch_20260506
ses_948f664a,usr_9e50aa42,anon_78e36397,2026-05-06 04:58:04,2026-05-06 05:09:19,675,mobile,web,BR,email,google,cpc,spring_sale_2026,event_tracker,2026-05-06 23:00:00,batch_20260506
ses_1eac41d9,usr_a1c7cc8a,anon_87a37f10,2026-05-06 22:20:40,2026-05-06 23:14:53,3253,desktop,ios,JP,email,,,,event_tracker,2026-05-06 23:00:00,batch_20260506
ses_deeff82a,usr_939b462d,anon_fe0a824e,2026-05-06 00:03:55,2026-05-06 00:52:20,2905,mobile,web,US,direct,partner_blog,affiliate,tech_review_apr,event_tracker,2026-05-06 23:00:00,batch_20260506
ses_fcb896bb,usr_8de7ad6c,anon_fc950bba,2026-05-06 08:02:33,2026-05-06 08:46:42,2649,tablet,ios,AU,google,facebook,social,lookalike_q2,event_tracker,2026-05-06 23:00:00,batch_20260506
ses_dcc5d975,usr_d7fa2d8d,anon_14b00f62,2026-05-06 23:09:46,2026-05-06 23:16:19,393,desktop,web,AU,facebook,google,cpc,spring_sale_2026,event_tracker,2026-05-06 23:00:00,batch_20260506
ses_fc9476b1,usr_a1c7cc8a,anon_0ed9fa95,2026-05-06 02:28:05,2026-05-06 02:52:30,1465,mobile,ios,US,facebook,tiktok,social,gen_z_launch,event_tracker,2026-05-06 23:00:00,batch_20260506
ses_359a1533,usr_d7fa2d8d,anon_938703c9,2026-05-06 15:04:26,2026-05-06 15:38:35,2049,mobile,android,CA,facebook,,,,event_tracker,2026-05-06 23:00:00,batch_20260506
ses_c90394ea,usr_b34191b8,anon_2120bfba,2026-05-06 08:12:47,2026-05-06 08:24:23,696,desktop,ios,FR,google,facebook,social,lookalike_q2,event_tracker,2026-05-06 23:00:00,batch_20260506
ses_6dedcba5,usr_96a402f2,anon_7a36e788,2026-05-06 12:26:41,2026-05-06 12:38:47,726,mobile,ios,CA,email,newsletter,email,weekly_digest,event_tracker,2026-05-06 23:00:00,batch_20260506
ses_88a5fa0d,usr_637e4b01,anon_f337b261,2026-05-06 01:07:42,2026-05-06 01:37:38,1796,mobile,android,GB,google,google,cpc,spring_sale_2026,event_tracker,2026-05-06 23:00:00,batch_20260506
ses_c1c0c5e3,usr_9b4e2c24,anon_049626ba,2026-05-06 14:54:05,2026-05-06 15:42:10,2885,tablet,web,FR,email,facebook,social,lookalike_q2,event_tracker,2026-05-06 23:00:00,batch_20260506
ses_bbcd6c18,,anon_e0821918,2026-05-06 14:18:18,2026-05-06 14:57:49,2371,mobile,ios,AU,google,tiktok,social,gen_z_launch,event_tracker,2026-05-06 23:00:00,batch_20260506
ses_1a4b1606,usr_5e2ad32d,anon_4e5d8f12,2026-05-06 22:45:31,2026-05-06 23:26:59,2488,mobile,ios,GB,email,,,,event_tracker,2026-05-06 23:00:00,batch_20260506
ses_0bb432b3,usr_3f07f814,anon_74b79620,2026-05-06 11:13:36,2026-05-06 12:07:40,3244,mobile,web,FR,google,partner_blog,affiliate,tech_review_apr,event_tracker,2026-05-06 23:00:00,batch_20260506
ses_862c92fd,usr_7f9d3e64,anon_afd0d2f7,2026-05-06 13:53:16,2026-05-06 14:18:59,1543,mobile,android,BR,email,facebook,social,lookalike_q2,event_tracker,2026-05-06 23:00:00,batch_20260506
ses_ff02f5b0,usr_04fc6d82,anon_c0079336,2026-05-06 05:30:08,2026-05-06 06:21:59,3111,mobile,web,AU,,tiktok,social,gen_z_launch,event_tracker,2026-05-06 23:00:00,batch_20260506
ses_e82a3879,usr_9360715f,anon_04e55bd5,2026-05-06 20:09:21,2026-05-06 20:14:00,279,desktop,android,BR,,,,,event_tracker,2026-05-06 23:00:00,batch_20260506
ses_fc21109b,usr_7914c120,anon_059c1ba0,2026-05-06 14:22:27,2026-05-06 15:21:14,3527,desktop,web,GB,google,,,,event_tracker,2026-05-06 23:00:00,batch_20260506
ses_1f878b32,usr_d30608be,anon_cac8d87e,2026-05-06 06:05:10,2026-05-06 06:20:07,897,mobile,android,CA,facebook,facebook,social,lookalike_q2,event_tracker,2026-05-06 23:00:00,batch_20260506
ses_a3ec152c,usr_f1eedba3,anon_9f85c2dd,2026-05-06 21:39:54,2026-05-06 21:58:00,1086,desktop,ios,CA,facebook,newsletter,email,weekly_digest,event_tracker,2026-05-06 23:00:00,batch_20260506
ses_0c472187,usr_e8e6e840,anon_d60bf603,2026-05-06 10:03:22,2026-05-06 10:39:20,2158,desktop,web,JP,google,tiktok,social,gen_z_launch,event_tracker,2026-05-06 23:00:00,batch_20260506
ses_1da466fe,,anon_1fa3ed1f,2026-05-06 21:24:21,2026-05-06 22:04:37,2416,tablet,ios,CA,email,,,,event_tracker,2026-05-06 23:00:00,batch_20260506
ses_b3ada2ba,usr_62c965b2,anon_af8ca888,2026-05-06 14:57:36,2026-05-06 15:16:07,1111,mobile,web,BR,google,google,cpc,spring_sale_2026,event_tracker,2026-05-06 23:00:00,batch_20260506
ses_6bbe3b5a,usr_812a1f9b,anon_8532fc74,2026-05-06 22:09:37,2026-05-06 22:56:35,2818,mobile,android,DE,google,,,,event_tracker,2026-05-06 23:00:00,batch_20260506
ses_b362cd55,usr_4f560ed5,anon_e60c1638,2026-05-06 13:33:36,2026-05-06 13:35:28,112,desktop,android,FR,facebook,,,,event_tracker,2026-05-06 23:00:00,batch_20260506
ses_9e21741f,usr_638abdf6,anon_c8e60939,2026-05-06 08:17:58,2026-05-06 08:27:38,580,desktop,android,FR,facebook,partner_blog,affiliate,tech_review_apr,event_tracker,2026-05-06 23:00:00,batch_20260506
ses_9be78aec,,anon_d4dd1b56,2026-05-06 16:04:56,2026-05-06 16:19:51,895,mobile,android,AU,google,newsletter,email,weekly_digest,event_tracker,2026-05-06 23:00:00,batch_20260506
ses_5ba0c3e0,usr_88bd13d1,anon_290e3e89,2026-05-06 18:27:06,2026-05-06 18:55:08,1682,desktop,web,US,direct,facebook,social,lookalike_q2,event_tracker,2026-05-06 23:00:00,batch_20260506
ses_e90d21cb,usr_fd85d7fa,anon_7b0ccad9,2026-05-06 02:05:53,,1051,mobile,android,DE,email,tiktok,social,gen_z_launch,event_tracker,2026-05-06 23:00:00,batch_20260506
ses_03438b64,usr_585a0afa,anon_1c453357,2026-05-06 23:08:04,2026-05-06 23:17:01,537,mobile,android,BR,direct,,,,event_tracker,2026-05-06 23:00:00,batch_20260506
ses_7e7d9a19,usr_4f199ec0,anon_c78f07cf,2026-05-06 12:44:03,2026-05-06 13:08:03,1440,desktop,web,CA,email,google,cpc,spring_sale_2026,event_tracker,2026-05-06 23:00:00,batch_20260506
ses_b93c4b0b,,anon_a4f34185,2026-05-06 20:50:07,2026-05-06 21:43:51,3224,desktop,web,DE,direct,facebook,social,lookalike_q2,event_tracker,2026-05-06 23:00:00,batch_20260506
ses_fa2fbd74,usr_146d3f31,anon_0cd20e43,2026-05-06 00:19:26,2026-05-06 00:52:17,1971,desktop,web,US,direct,facebook,social,lookalike_q2,event_tracker,2026-05-06 23:00:00,batch_20260506
ses_dfc7ab26,usr_88bd13d1,anon_5c370739,2026-05-06 23:24:05,2026-05-06 23:43:22,1157,mobile,android,BR,email,facebook,social,lookalike_q2,event_tracker,2026-05-06 23:00:00,batch_20260506
ses_6d0e0597,usr_9fd34579,anon_d9eb404c,2026-05-06 22:42:17,2026-05-06 23:09:53,1656,mobile,web,AU,,partner_blog,affiliate,tech_review_apr,event_tracker,2026-05-06 23:00:00,batch_20260506
ses_0279e2ab,usr_892e6161,anon_a5aecf37,2026-05-06 03:56:09,2026-05-06 04:29:32,2003,tablet,web,AU,email,facebook,social,lookalike_q2,event_tracker,2026-05-06 23:00:00,batch_20260506
ses_e4ffc31a,usr_4f560ed5,anon_44afecb7,2026-05-06 23:43:09,2026-05-07 00:04:02,1253,desktop,ios,US,,tiktok,social,gen_z_launch,event_tracker,2026-05-06 23:00:00,batch_20260506
ses_c90394ea,usr_b34191b8,anon_2120bfba,2026-05-06 08:12:47,2026-05-06 08:24:23,696,desktop,ios,FR,google,facebook,social,lookalike_q2,event_tracker,2026-05-06 23:05:00,batch_20260506
ses_7e7d9a19,usr_4f199ec0,anon_c78f07cf,2026-05-06 12:44:03,2026-05-06 13:08:03,1440,desktop,web,CA,email,google,cpc,spring_sale_2026,event_tracker,2026-05-06 23:05:00,batch_20260506
ses_5f642a53,usr_439472e6,anon_1d24181c,2026-05-04 00:55:36,2026-05-04 01:40:50,2714,desktop,android,FR,facebook,tiktok,social,gen_z_launch,event_tracker,2026-05-06 23:00:00,batch_20260506
ses_74dfb83f,usr_adedda80,anon_b09d721b,2026-05-04 01:17:09,2026-05-04 01:57:27,2418,tablet,web,DE,email,,,,event_tracker,2026-05-06 23:00:00,batch_20260506
ses_23f47a55,usr_6c006f61,anon_b8b818cf,2026-05-07 04:42:41,2026-05-07 05:25:07,2546,mobile,android,BR,facebook,google,cpc,spring_sale_2026,event_tracker,2026-05-07 23:00:00,batch_20260507
ses_9c60c81b,usr_a9320094,anon_ee22a70b,2026-05-07 13:35:03,2026-05-07 13:36:30,87,desktop,web,DE,google,partner_blog,affiliate,tech_review_apr,event_tracker,2026-05-07 23:00:00,batch_20260507
ses_7500f785,usr_53cd6268,anon_b77f69b9,2026-05-07 08:14:17,2026-05-07 09:02:07,2870,mobile,ios,JP,,newsletter,email,weekly_digest,event_tracker,2026-05-07 23:00:00,batch_20260507
ses_6a1aba9d,usr_fb37afae,anon_d6642fe8,2026-05-07 01:39:52,2026-05-07 02:00:43,1251,mobile,web,AU,facebook,,,,event_tracker,2026-05-07 23:00:00,batch_20260507
ses_c5ab4e57,usr_32a447b2,anon_a8909e31,2026-05-07 17:50:48,2026-05-07 18:15:49,1501,mobile,android,US,direct,facebook,social,lookalike_q2,event_tracker,2026-05-07 23:00:00,batch_20260507
ses_22778161,usr_be6033f7,anon_87c5f526,2026-05-07 00:47:52,2026-05-07 01:28:37,2445,mobile,web,US,facebook,,,,event_tracker,2026-05-07 23:00:00,batch_20260507
ses_ef705d01,usr_0f5ae9d3,anon_7ba16dd7,2026-05-07 22:41:15,2026-05-07 22:45:04,229,mobile,ios,US,google,partner_blog,affiliate,tech_review_apr,event_tracker,2026-05-07 23:00:00,batch_20260507
ses_ebd14b0c,usr_3985fb62,anon_941c23fa,2026-05-07 04:29:59,2026-05-07 05:07:50,2271,desktop,ios,US,email,tiktok,social,gen_z_launch,event_tracker,2026-05-07 23:00:00,batch_20260507
ses_20dda0ff,,anon_99bd6240,2026-05-07 18:56:37,2026-05-07 19:15:32,1135,desktop,android,CA,,,,,event_tracker,2026-05-07 23:00:00,batch_20260507
ses_810d5c57,,anon_fac08fc4,2026-05-07 04:09:03,2026-05-07 05:03:07,3244,mobile,ios,FR,,,,,event_tracker,2026-05-07 23:00:00,batch_20260507
ses_c32afc4a,usr_43d88870,anon_f6ae10e8,2026-05-07 10:45:12,,686,mobile,ios,BR,email,facebook,social,lookalike_q2,event_tracker,2026-05-07 23:00:00,batch_20260507
ses_73edb223,,anon_69a9aff9,2026-05-07 03:14:25,2026-05-07 03:22:27,482,desktop,ios,CA,,google,cpc,spring_sale_2026,event_tracker,2026-05-07 23:00:00,batch_20260507
ses_bf98e734,usr_f2a32efd,anon_b3952193,2026-05-07 09:19:00,2026-05-07 10:03:29,2669,tablet,android,FR,facebook,google,cpc,spring_sale_2026,event_tracker,2026-05-07 23:00:00,batch_20260507
ses_b63d65d5,usr_638abdf6,anon_a1f0fa7a,2026-05-07 01:26:10,2026-05-07 02:24:50,3520,desktop,android,JP,google,google,cpc,spring_sale_2026,event_tracker,2026-05-07 23:00:00,batch_20260507
ses_9fc97264,usr_1c11f735,anon_586528e6,2026-05-07 00:21:07,2026-05-07 01:19:46,3519,desktop,android,AU,facebook,,,,event_tracker,2026-05-07 23:00:00,batch_20260507
ses_fb38cd91,usr_a9320094,anon_f554e1f8,2026-05-07 03:23:03,2026-05-07 03:48:59,1556,mobile,android,JP,facebook,facebook,social,lookalike_q2,event_tracker,2026-05-07 23:00:00,batch_20260507
ses_b1be6df2,usr_9dd43675,anon_1d8b32d9,2026-05-07 17:24:44,2026-05-07 18:19:50,3306,desktop,ios,CA,direct,partner_blog,affiliate,tech_review_apr,event_tracker,2026-05-07 23:00:00,batch_20260507
ses_7af985ff,,anon_aacad101,2026-05-07 05:48:12,2026-05-07 05:55:46,454,desktop,web,BR,direct,partner_blog,affiliate,tech_review_apr,event_tracker,2026-05-07 23:00:00,batch_20260507
ses_bf74531c,usr_8de7ad6c,anon_4932936e,2026-05-07 01:02:57,2026-05-07 02:02:20,3563,desktop,ios,BR,facebook,google,cpc,spring_sale_2026,event_tracker,2026-05-07 23:00:00,batch_20260507
ses_ceed0ffc,usr_1c11f735,anon_06783c34,2026-05-07 02:18:21,2026-05-07 02:36:42,1101,mobile,web,DE,email,newsletter,email,weekly_digest,event_tracker,2026-05-07 23:00:00,batch_20260507
ses_ab95c72f,usr_812a1f9b,anon_c00c200c,2026-05-07 03:28:03,2026-05-07 03:58:05,1802,mobile,android,JP,direct,,,,event_tracker,2026-05-07 23:00:00,batch_20260507
ses_495fa2fc,usr_54fc286f,anon_d6e1ba00,2026-05-07 22:18:55,,253,tablet,web,BR,facebook,,,,event_tracker,2026-05-07 23:00:00,batch_20260507
ses_4b8e5509,,anon_08453b2f,2026-05-07 17:54:01,2026-05-07 18:16:24,1343,tablet,ios,DE,,partner_blog,affiliate,tech_review_apr,event_tracker,2026-05-07 23:00:00,batch_20260507
ses_1a3c2131,usr_cc530e36,anon_bd4f6118,2026-05-07 02:52:12,2026-05-07 03:24:02,1910,desktop,ios,BR,facebook,facebook,social,lookalike_q2,event_tracker,2026-05-07 23:00:00,batch_20260507
ses_be0ec2da,usr_92ec89af,anon_3cd30e99,2026-05-07 23:47:18,2026-05-07 23:49:00,102,mobile,web,US,google,,,,event_tracker,2026-05-07 23:00:00,batch_20260507
ses_cc7f9517,usr_15b02530,anon_aa1c4023,2026-05-07 11:05:24,2026-05-07 11:40:36,2112,desktop,android,AU,email,,,,event_tracker,2026-05-07 23:00:00,batch_20260507
ses_6336c815,usr_9dd43675,anon_f9cf8499,2026-05-07 16:32:46,2026-05-07 16:55:55,1389,desktop,android,AU,facebook,google,cpc,spring_sale_2026,event_tracker,2026-05-07 23:00:00,batch_20260507
ses_8d5809b7,usr_236c7b87,anon_4057e470,2026-05-07 00:04:47,2026-05-07 00:28:35,1428,desktop,android,AU,google,google,cpc,spring_sale_2026,event_tracker,2026-05-07 23:00:00,batch_20260507
ses_c7eab19b,usr_439472e6,anon_d479cc36,2026-05-07 14:53:56,2026-05-07 15:01:44,468,mobile,ios,JP,direct,tiktok,social,gen_z_launch,event_tracker,2026-05-07 23:00:00,batch_20260507
ses_b4629214,usr_83f02dc7,anon_c14ebd10,2026-05-07 12:18:13,2026-05-07 12:26:04,471,mobile,web,CA,facebook,tiktok,social,gen_z_launch,event_tracker,2026-05-07 23:00:00,batch_20260507
ses_9a7791a2,usr_06998731,anon_f6dbb2b6,2026-05-07 04:54:07,,2073,desktop,web,JP,,newsletter,email,weekly_digest,event_tracker,2026-05-07 23:00:00,batch_20260507
ses_2d6bc882,usr_b7893986,anon_2fddb26a,2026-05-07 06:27:06,2026-05-07 07:14:49,2863,desktop,ios,CA,facebook,partner_blog,affiliate,tech_review_apr,event_tracker,2026-05-07 23:00:00,batch_20260507
ses_838b77ad,usr_9e50aa42,anon_6db2b020,2026-05-07 18:21:14,2026-05-07 18:47:59,1605,desktop,web,DE,email,tiktok,social,gen_z_launch,event_tracker,2026-05-07 23:00:00,batch_20260507
ses_214c0a4d,usr_b118f68d,anon_4148bd11,2026-05-07 16:29:15,2026-05-07 17:24:41,3326,mobile,web,FR,,,,,event_tracker,2026-05-07 23:00:00,batch_20260507
ses_b5ae329d,usr_0075d3d5,anon_27591ad4,2026-05-07 20:09:19,2026-05-07 20:53:00,2621,mobile,web,FR,email,,,,event_tracker,2026-05-07 23:00:00,batch_20260507
ses_0d04dcb6,,anon_9d9887bc,2026-05-07 23:40:08,2026-05-07 23:52:46,758,desktop,android,CA,email,newsletter,email,weekly_digest,event_tracker,2026-05-07 23:00:00,batch_20260507
ses_7d94bf10,usr_c47fa57e,anon_5bab7f4a,2026-05-07 15:11:59,2026-05-07 15:58:30,2791,desktop,android,JP,google,newsletter,email,weekly_digest,event_tracker,2026-05-07 23:00:00,batch_20260507
ses_515f352c,,anon_2f120b9e,2026-05-07 05:17:28,2026-05-07 05:21:35,247,mobile,ios,FR,email,google,cpc,spring_sale_2026,event_tracker,2026-05-07 23:00:00,batch_20260507
ses_8150e0c9,,anon_897b303d,2026-05-07 10:44:44,2026-05-07 10:59:09,865,mobile,android,CA,,,,,event_tracker,2026-05-07 23:00:00,batch_20260507
ses_38a06ffe,usr_2a131c1f,anon_54f6516e,2026-05-07 08:10:00,2026-05-07 09:01:10,3070,mobile,web,FR,google,,,,event_tracker,2026-05-07 23:00:00,batch_20260507
ses_37ec07a6,usr_7cf59d5f,anon_87cec69d,2026-05-07 11:23:00,2026-05-07 12:01:11,2291,desktop,ios,BR,direct,,,,event_tracker,2026-05-07 23:00:00,batch_20260507
ses_d2dd3e26,usr_23377bbc,anon_0240f59a,2026-05-07 13:23:20,2026-05-07 14:15:22,3122,desktop,ios,DE,email,tiktok,social,gen_z_launch,event_tracker,2026-05-07 23:00:00,batch_20260507
ses_72173fa3,usr_96a402f2,anon_9d1b83df,2026-05-07 06:48:27,2026-05-07 07:00:48,741,mobile,ios,JP,email,newsletter,email,weekly_digest,event_tracker,2026-05-07 23:00:00,batch_20260507
ses_f57a431e,,anon_5228ed8d,2026-05-07 21:15:44,2026-05-07 22:13:59,3495,mobile,web,GB,google,google,cpc,spring_sale_2026,event_tracker,2026-05-07 23:00:00,batch_20260507
ses_f1eab64a,usr_287d06ca,anon_8a4cfe1f,2026-05-07 22:46:08,2026-05-07 23:28:39,2551,mobile,web,AU,google,,,,event_tracker,2026-05-07 23:00:00,batch_20260507
ses_e94d4fbe,usr_236c7b87,anon_5ffd4015,2026-05-07 06:41:40,2026-05-07 07:17:42,2162,desktop,android,JP,google,tiktok,social,gen_z_launch,event_tracker,2026-05-07 23:00:00,batch_20260507
ses_7210045a,usr_5e2ad32d,anon_e5f5c891,2026-05-07 12:05:00,2026-05-07 12:28:06,1386,mobile,web,BR,,,,,event_tracker,2026-05-07 23:00:00,batch_20260507
ses_838e9a61,usr_d8f56413,anon_2ada62ce,2026-05-07 04:10:36,2026-05-07 04:56:45,2769,mobile,web,DE,google,partner_blog,affiliate,tech_review_apr,event_tracker,2026-05-07 23:00:00,batch_20260507
ses_89b8b7ee,usr_b7893986,anon_10c2c2e5,2026-05-07 04:07:40,2026-05-07 04:34:30,1610,desktop,ios,AU,,,,,event_tracker,2026-05-07 23:00:00,batch_20260507
ses_c6097cd8,usr_1c11f735,anon_6c98fd9b,2026-05-07 10:47:34,2026-05-07 11:32:32,2698,desktop,ios,GB,,newsletter,email,weekly_digest,event_tracker,2026-05-07 23:00:00,batch_20260507
ses_37ec07a6,usr_7cf59d5f,anon_87cec69d,2026-05-07 11:23:00,2026-05-07 12:01:11,2291,desktop,ios,BR,direct,,,,event_tracker,2026-05-07 23:05:00,batch_20260507
ses_c5ab4e57,usr_32a447b2,anon_a8909e31,2026-05-07 17:50:48,2026-05-07 18:15:49,1501,mobile,android,US,direct,facebook,social,lookalike_q2,event_tracker,2026-05-07 23:05:00,batch_20260507
ses_89aa4293,usr_b227462c,anon_f9e9cf93,2026-05-05 22:55:11,2026-05-05 23:48:29,3198,mobile,web,JP,google,facebook,social,lookalike_q2,event_tracker,2026-05-07 23:00:00,batch_20260507
ses_a5850828,usr_32399ffb,anon_bf343ca7,2026-05-05 15:50:47,2026-05-05 16:35:25,2678,mobile,web,GB,google,tiktok,social,gen_z_launch,event_tracker,2026-05-07 23:00:00,batch_20260507
