product_id,name,description,category,price,cost_usd,currency,is_active,created_at,updated_at,_source_system,_ingested_at
prd_48b763d5,Configurable eco-centric customer loyalty,Ever person pass behavior political option oil commercial person top.,apparel,67.41,37.93,USD,True,2026-05-01 06:55:14,2026-05-01 06:55:14,product_db,2026-05-01 06:55:14
prd_90494583,Balanced 4thgeneration artificial intelligence,We side enough decision occur.,electronics,173.28,109.53,USD,True,2026-05-01 19:36:15,2026-05-01 19:36:15,product_db,2026-05-01 19:36:15
prd_7f7f6c0a,Self-enabling needs-based frame,Lot source rate father authority art keep.,media,237.47,148.71,USD,True,2026-05-01 02:32:51,2026-05-01 02:32:51,product_db,2026-05-01 02:32:51
prd_5716dc2e,Robust client-server functionalities,Safe team wish candidate have no five letter.,home,181.34,79.81,USD,True,2026-05-01 04:32:14,2026-05-01 04:32:14,product_db,2026-05-01 04:32:14
prd_24108e9a,Cross-platform actuating frame,Ten industry while total spend value return couple.,electronics,103.59,45.44,USD,True,2026-05-01 11:52:33,2026-05-01 11:52:33,product_db,2026-05-01 11:52:33
prd_83c501cb,Persistent modular function,Age war measure whom Democrat good anything manager think.,media,170.41,106.13,USD,True,2026-05-01 13:48:15,2026-05-07 23:00:00,product_db,2026-05-07 23:00:00
prd_4926ce5f,Public-key 24/7 benchmark,Care enough hand idea and anything no guy eye.,home,139.24,48.75,USD,True,2026-05-01 14:47:05,2026-05-01 14:47:05,product_db,2026-05-01 14:47:05
prd_c3affcfe,Reactive even-keeled process improvement,Budget window hour some fund voice sense current meeting matter and.,outdoor,153.63,68.62,USD,True,2026-05-01 21:06:59,2026-05-01 21:06:59,product_db,2026-05-01 21:06:59
prd_cdd0b4d4,Phased multi-state knowledgebase,Paper middle foreign party class wrong.,electronics,130.24,76.6,USD,True,2026-05-01 07:46:50,2026-05-01 07:46:50,product_db,2026-05-01 07:46:50
prd_97fe56c5,Mandatory motivating migration,Majority none little admit former body indicate film together the.,home,131.29,70.88,USD,True,2026-05-01 10:19:56,2026-05-01 10:19:56,product_db,2026-05-01 10:19:56
prd_797ebe87,Fundamental solution-oriented toolset,Officer return on color pick people subject challenge quite all.,electronics,169.83,70.89,USD,True,2026-05-01 08:33:04,2026-05-01 08:33:04,product_db,2026-05-01 08:33:04
prd_30d73df7,Ameliorated leadingedge functionalities,Charge real improve simple turn their save artist catch.,apparel,64.99,32.01,USD,True,2026-05-01 01:40:57,2026-05-01 01:40:57,product_db,2026-05-01 01:40:57
prd_ff84faef,Switchable mission-critical moderator,Finish community treatment garden great sign return poor.,outdoor,146.04,82.59,USD,True,2026-05-01 22:55:44,2026-05-01 22:55:44,product_db,2026-05-01 22:55:44
prd_7bf33a34,Ergonomic dynamic focus group,Fear walk word side relate real major look night various.,apparel,41.15,22.89,USD,True,2026-05-01 08:52:59,2026-05-01 08:52:59,product_db,2026-05-01 08:52:59
prd_1f33242d,Re-engineered systematic moratorium,Time house generation significant chair among western bad.,media,48.09,30.65,USD,True,2026-05-01 07:58:03,2026-05-01 07:58:03,product_db,2026-05-01 07:58:03
prd_41a64fed,User-friendly mission-critical data-warehouse,Still even no even body scientist.,outdoor,65.03,39.93,USD,True,2026-05-01 20:17:40,2026-05-03 23:00:00,product_db,2026-05-03 23:00:00
prd_ab7a3d1c,Progressive directional productivity,Appear including response beyond side accept nearly.,media,168.56,108.95,USD,True,2026-05-01 16:55:01,2026-05-01 16:55:01,product_db,2026-05-01 16:55:01
prd_a723fb72,Phased mission-critical projection,Sense expert experience arrive shoulder present.,media,155.1,87.75,USD,True,2026-05-01 16:06:48,2026-05-01 16:06:48,product_db,2026-05-01 16:06:48
prd_b91e3d6e,Automated context-sensitive instruction set,Value already structure small control see.,outdoor,114.25,45.44,USD,True,2026-05-01 19:56:50,2026-05-01 19:56:50,product_db,2026-05-01 19:56:50
prd_e0723d96,Automated 24/7 framework,Owner up friend lawyer political modern threat care mean evening.,media,210.77,91.3,USD,True,2026-05-01 09:00:06,2026-05-01 09:00:06,product_db,2026-05-01 09:00:06
